PDE Actual Peak Mem Usage, degree, level 1, level 2, level 3, level 4, level 5
, 2, 0.289616, 0.479776, 2.001992, 12.96868, 86.319608
, 3, 0.32276000000000005, 0.7832800000000001, 4.4033999999999995, 30.467864, 204.680392
, 4, 0.387624, 1.333568, 8.766696, 62.235928, 419.6838
, 5, 0.491176, 2.212576, 15.731928, 113.00676, 763.4154480000001
, 6, 0.642792, 3.500592, 25.950264, 187.539448, 1268.0878
PDE Workspace Usage, , , , , , 
, , , , , , 
, , , , , , 
, , , , , , 
, , , , , , 
, , , , , , 
