PDE Time used, degree, level 1, level 2, level 3, level 4, level 5
, 2, 0.10333333333333335, 0.10333333333333335, 0.12333333333333334, 0.21, 0.5866666666666666
, 3, 0.10666666666666665, 0.11, 0.13, 0.27, 0.7966666666666665
, 4, 0.11666666666666665, 0.11666666666666665, 0.14, 0.27, 0.8266666666666667
, 5, 0.12, 0.12666666666666668, 0.17333333333333334, 0.34, 0.9466666666666667
, 6, 0.13333333333333333, 0.13, 0.16666666666666666, 0.38000000000000006, 1.0533333333333335
