PDE Time used, degree, level 1, level 2, level 3, level 4, level 5
, 2, 0.11, 0.14, 0.29, 1.25, 8.03
, 3, 0.11, 0.15, 0.36000000000000004, 1.74, 13.26
, 4, 0.12, 0.16, 0.45, 3.91, 16.44
, 5, 0.13, 0.18000000000000002, 0.92, 5.03, 25.16
, 6, 0.15, 0.22, 1.24, 6.239999999999999, 34.59
